Тип агента	Наименование агента	Электронная почта агента	Телефон агента	Логотип агента	Юридический адрес	Приоритет	Директор	ИНН	КПП
3	СервисПив	 znosov@vasilev.ru	+7 (922) 325-12-93		840377, Рязанская область, город Щёлково, пл. Бухарестская, 42	329	Никита Александрович Королёв	6861024038	218034630
5	СантехСеверЛенМашина	 pgorbacev@vasilev.net	+7 (812) 214-73-94	\agents\agent_99.png	606990, Новосибирская область, город Павловский Посад, въезд Домодедовская, 38	201	Павел Максимович Рожков	3506691089	830713603
1	ЭлектроРемОрионЛизинг	 anfisa.fedotova@tvetkov.ru	 +7 (495) 513-93-16	\agents\agent_93.png	594365, Ярославская область, город Павловский Посад, бульвар Космонавтов, 64	198	Тарасова Дан Львович	1340072597	500478249
1	РыбАлмазГаражСнаб	diana.gorbunov@gromov.ru	 +7 (352) 2 46-54-74	\agents\agent_29.png	278792, Воронежская область, город Люберцы, ул. Космонавтов, 07	50	Власов Ян Львович	2135119617	916748563
2	CибБашкирТекстиль	vzimina@zdanova.com	 +7 (352) 2 92-28-68	\agents\agent_94.png	429540, Мурманская область, город Воскресенск, пл. Славы, 36	218	Григорий Владимирович Елисеева	7392007090	576103661
4	ЮпитерТяжОрионЭкспедиция	gblokin@orlov.net	+7 (812) 819-51-58	\agents\agent_69.png	960726, Томская область, город Орехово-Зуево, въезд 1905 года, 51	446	Валерий Евгеньевич Виноградов	6843174002	935556458
4	КазаньТекстиль	osimonova@andreeva.com	+7 (922) 936-37-67	\agents\agent_72.png	231891, Челябинская область, город Шатура, бульвар Ладыгина, 40	156	Александров Бронислав Максимович	4584384019	149680499
4	МясИнфоМясТраст	dgulyev@krasilnikov.ru	 +7 (812) 375-59-29	\agents\agent_43.png	873144, Курская область, город Талдом, проезд Домодедовская, 46	16	Лихачёваа Оксана Романовна	6387079446	113956342
2	АвтоТомскЦементЦентр	kabanov.valentina@subbotina.ru	+7 (352) 2 24-98-18	\agents\agent_40.png	282009, Вологодская область, город Красногорск, пл. Домодедовская, 14	71	Леонид Иванович Афанасьева	8317739640	940326934
6	Радио	rtretykova@kozlov.ru	+7 (352) 2 84-44-92	\agents\agent_68.png	798718, Ленинградская область, город Пушкино, бульвар Балканская, 37	221	Эмма Андреевна Колесникова	9077613654	657690787
4	ДизайнФинансМикро	 varvara15@belousov.ru	+7 (495) 223-67-97		775051, Иркутская область, город Серебряные Пруды, спуск Домодедовская, 41	462	Кузьма Борисович Королёва	2700182907	141912770
1	Креп	savina.dominika@belousova.com	+7 (495) 315-25-86	\agents\agent_64.png	336489, Калининградская область, город Можайск, наб. Славы, 35	371	Назар Алексеевич Григорьева	4880732317	258673591
6	ЖелДорДизайнМетизТраст	lnikitina@kulikova.com	+7 (800) 692-72-18		170549, Сахалинская область, город Видное, проезд Космонавтов, 89	290	Игорь Львович Агафонова	7669116841	906390137
5	Асбоцемент	 antonin19@panfilov.ru	 +7 (812) 152-28-78	\agents\agent_59.png	030119, Курганская область, город Дмитров, пер. Славы, 47	273	Никитинаа Антонина Андреевна	1261407459	745921890
6	Мобайл	 rafail22@orlov.ru	 +7 (495) 532-54-42	\agents\agent_53.png	273144, Калужская область, город Наро-Фоминск, бульвар Чехова, 70	40	Горшков Кузьма Фёдорович	3655195522	395816585
1	ТекстильУралАвтоОпт	hkononova@pavlova.ru	+7 (495) 418-67-55	\agents\agent_97.png	028936, Магаданская область, город Видное, ул. Гагарина, 54	176	Алина Сергеевна Дьячковаа	3930950057	678529397
3	Башкир	iskra.sergeev@zykov.com	+7 (800) 656-63-99	\agents\agent_33.png	513065, Рязанская область, город Одинцово, шоссе Славы, 93	35	Одинцова Розалина Дмитриевна	3105334340	117513650
2	ГорДор	maiy12@koklov.net	+7 (812) 364-46-64	\agents\agent_77.png	376483, Калужская область, город Сергиев Посад, ул. Славы, 09	175	Нонна Львовна Одинцоваа	7088187045	440309946
5	Компания Рос	 odenisov@knyzeva.ru	 +7 (352) 2 32-99-94		479740, Оренбургская область, город Наро-Фоминск, наб. Будапештсткая, 36	252	Алёна Ивановна Тимофеева	5502989807	518320454
4	КазЮпитерТомск	tgavrilov@frolov.ru	 +7 (352) 2 24-85-54	\agents\agent_85.png	393450, Тульская область, город Кашира, пр. 1905 года, 47	244	Рафаил Андреевич Копылов	9201745524	510248846
6	СеверГаз	smukina@evseev.com	+7 (812) 973-88-81	\agents\agent_15.png	509479, Орловская область, город Павловский Посад, спуск Бухарестская, 28	83	Валериан Андреевич Кириллова	7908427926	249521550
5	Компания КазАлмаз	irina.gusina@vlasova.ru	 +7 (922) 692-21-57	\agents\agent_105.png	848810, Кемеровская область, город Лотошино, пер. Ломоносова, 90	396	Марк Фёдорович Муравьёва	3084797352	123190924
4	ЦементАсбоцементОрионТраст	igulyeva@kostina.ru	+7 (495) 979-36-66	\agents\agent_28.png	221534, Орловская область, город Серебряные Пруды, проезд Гагарина, 54	441	Павлова Марк Александрович	2972154471	668972219
5	Компания Электро	blokin.sofiy@terentev.ru	+7 (352) 2 63-92-83	\agents\agent_41.png	183744, Рязанская область, город Клин, въезд Косиора, 29	340	Кабанов Кирилл Максимович	4335399269	780051451
1	БашкирЮпитерТомск	 dyckov.veniamin@kotova.ru	 +7 (812) 395-91-75	\agents\agent_84.png	035268, Сахалинская область, город Волоколамск, проезд Ладыгина, 51	139	Фадеева Раиса Александровна	1606315697	217799345
1	ОрионВектор	 subbotin.rostislav@zueva.org	+7 (922) 456-59-29	\agents\agent_22.png	138159, Свердловская область, город Подольск, спуск Балканская, 72	496	Алексей Борисович Семёнова	5687675108	816451597
3	Рос	potapov.abram@trofimova.org	+7 (922) 822-88-76	\agents\agent_36.png	412597, Калужская область, город Клин, пр. Гагарина, 57	158	Никифороваа Рената Сергеевна	6729448041	935241906
2	ДизайнВосток	efimova.timofei@tretykova.ru	+7 (922) 767-84-15	\agents\agent_17.png	680394, Оренбургская область, город Павловский Посад, спуск Косиора, 50	188	Добрыня Сергеевич Кабанов	6222265808	245694799
4	РемГаражЛифт	novikova.gleb@sestakov.ru	 +7 (352) 2 18-85-61	\agents\agent_90.png	048715, Ивановская область, город Люберцы, проезд Космонавтов, 89	374	Филатов Владимир Максимович	1656477206	988968838
5	ПивГлав	 sofiy.bolsakov@isakova.ru	 +7 (800) 153-74-46	\agents\agent_27.png	244290, Астраханская область, город Талдом, проезд Космонавтов, 17	329	Клим Иванович Юдин	3090235456	870818930
5	Компания Гараж	 asiryeva@andreeva.com	 +7 (352) 2 22-47-12	\agents\agent_91.png	395101, Белгородская область, город Балашиха, бульвар 1905 года, 00	413	Владлена Фёдоровна Ларионоваа	6190244524	399106161
3	Монтаж	zakar.sazonova@gavrilov.ru	+7 (495) 783-36-97	\agents\agent_66.png	066594, Магаданская область, город Шаховская, спуск Сталина, 59	300	Блохина Сергей Максимович	6142194281	154457435
4	ВодГараж	pmaslov@fomiceva.com	 +7 (352) 2 11-75-66	\agents\agent_92.png	988899, Саратовская область, город Раменское, пр. Славы, 40	250	Лаврентий Фёдорович Логинова	5575072431	684290320
5	Компания Метал	vasileva.tatyna@lebedeva.net	 +7 (352) 2 99-39-28	\agents\agent_16.png	908229, Иркутская область, город Истра, бульвар Бухарестская, 97	167	Валентина Ивановна Громова	9933367989	856443865
3	Бум	 belova.vikentii@konstantinova.net	 +7 (922) 282-82-91	\agents\agent_103.png	409600, Новгородская область, город Ногинск, пл. Гагарина, 68	82	Татьяна Сергеевна Королёваа	1953785418	122905583
6	Гор	rostislav.savelev@dmitrieva.ru	+7 (812) 327-52-23	\agents\agent_46.png	245009, Белгородская область, город Коломна, шоссе Домодедовская, 93	85	Адриан Александрович Одинцов	6196739969	784512010
1	МясРеч	bkozlov@volkov.ru	 +7 (812) 256-74-95	\agents\agent_83.png	903648, Калужская область, город Воскресенск, пр. Будапештсткая, 91	355	Белоусоваа Ирина Максимовна	9254261217	656363498
4	МясТрансМоторЛизинг	 vlad.sokolov@andreev.org	 +7 (495) 489-75-57	\agents\agent_87.png	765320, Ивановская область, город Шатура, спуск Гоголя, 88	268	Тамара Дмитриевна Семёноваа	6148685143	196332656
5	Компания ТелекомХмельГаражПром	qkolesnikova@kalinina.ru	 +7 (800) 617-13-37	\agents\agent_96.png	126668, Ростовская область, город Зарайск, наб. Гагарина, 69	457	Костина Татьяна Борисовна	1614623826	824882264
5	МетизТехАвтоПроф	anastasiy.gromov@samsonova.com	+7 (800) 192-74-77	\agents\agent_58.png	713016, Брянская область, город Подольск, пл. Домодедовская, 93	321	Егор Фёдорович Третьякова	2988890076	215491048
5	РосАвтоМонтаж	lapin.inessa@isaeva.com	 +7 (800) 468-91-51	\agents\agent_80.png	331914, Курская область, город Ногинск, спуск Ладыгина, 66	10	Диана Алексеевна Исаковаа	4735043946	263682488
5	Компания КрепГаз	iturova@isakova.ru	 +7 (800) 971-62-32	\agents\agent_48.png	415525, Воронежская область, город Орехово-Зуево, спуск Ленина, 14	50	Эмилия Фёдоровна Шилова	2910821636	169856199
1	БухТеле	vasilev.svetlana@saskov.org	 +7 (352) 2 89-78-68	\agents\agent_18.png	481781, Астраханская область, город Орехово-Зуево, спуск Ломоносова, 67	171	Клавдия Романовна Савина	3547826061	581933218
6	ТяжМяж	 bzykov@baranov.com	 +7 (812) 425-28-46	\agents\agent_55.png	255489, Самарская область, город Озёры, ул. Ломоносова, 09	472	Юлия Львовна Горбунова	6391522710	209038885
4	Тех	vasilisa99@belyev.ru	 +7 (922) 113-94-49	\agents\agent_86.png	731935, Калининградская область, город Павловский Посад, наб. Гагарина, 59	278	Аким Романович Логинова	9282924869	587356429
3	ГлавITФлотПроф	 savva.rybov@kolobov.ru	+7 (352) 2 33-48-16	\agents\agent_89.png	447811, Мурманская область, город Егорьевск, ул. Ленина, 24	62	Зыкова Стефан Максимович	2561361494	525678825
3	Восток	nsitnikova@tikonova.org	+7 (495) 227-66-48		284236, Воронежская область, город Павловский Посад, бульвар Ленина, 28	380	Савинаа Нина Александровна	8929775900	788028687
2	ТелекомЮпитер	kulikov.adrian@zuravlev.org	+7 (812) 798-33-53	\agents\agent_106.png	959793, Курская область, город Егорьевск, бульвар Ленина, 72	302	Калинина Татьяна Ивановна	9383182378	944520594
1	МонтажВекторМобайлЦентр	pavel.davydova@tretykov.net	+7 (495) 566-98-62	\agents\agent_32.png	094869, Ленинградская область, город Ступино, наб. Ленина, 80	372	Захар Александрович Панова	4433392652	757806909
5	ВостокГлав	gordei95@kirillov.ru	+7 (922) 329-34-28	\agents\agent_88.png	217022, Ростовская область, город Озёры, ул. Домодедовская, 19	107	Инга Фёдоровна Дмитриева	3580946305	405017349
5	Компания КрепЦемент	 rusakov.efim@nikiforov.ru	+7 (800) 628-79-67	\agents\agent_75.png	423477, Мурманская область, город Кашира, бульвар Домодедовская, 61	426	Екатерина Львовна Суворова	3025099903	606083992
1	ЖелДор	 karitonova.fedosy@vasileva.net	+7 (352) 2 26-55-64	\agents\agent_51.png	860124, Иркутская область, город Егорьевск, пер. Гагарина, 67	429	Симоноваа Лариса Борисовна	9392505809	911026119
5	Компания Хмель	 ermakov.mark@isakova.ru	+7 (352) 2 27-19-66	\agents\agent_67.png	889757, Новосибирская область, город Раменское, бульвар 1905 года, 93	2	Владимир Борисович Суворова	9004087602	297273898
5	Цемент	 panova.klementina@bobrov.ru	 +7 (922) 859-19-97	\agents\agent_79.png	084315, Амурская область, город Шаховская, наб. Чехова, 62	340	Анфиса Фёдоровна Буроваа	9662118663	650216214
3	ЛенМобайлМикро	frolov.artem@zuravlev.ru	 +7 (352) 2 96-34-97	\agents\agent_52.png	737175, Ростовская область, город Одинцово, ул. Космонавтов, 99	341	Изабелла Евгеньевна Дьячкова	6729041572	828657559
5	Компания ТверьДизайн	 ypotapov@kolesnikova.ru	 +7 (800) 234-93-22	\agents\agent_37.png	672492, Калининградская область, город Москва, проезд Сталина, 64	271	Доминика Александровна Никитинаа	3567301661	623881311
1	ВодТверьХозМашина	tkrylov@baranova.net	 +7 (495) 756-36-72	\agents\agent_81.png	145030, Сахалинская область, город Шатура, въезд Гоголя, 79	8	Александра Дмитриевна Ждановаа	4174253174	522227145
1	ТелеГлавВекторСбыт	nsitnikov@kovaleva.ru	+7 (922) 619-91-52	\agents\agent_56.png	062489, Челябинская область, город Пушкино, въезд Бухарестская, 07	185	Екатерина Фёдоровна Ковалёва	9504787157	419758597
5	БашкирИнжКрепСбыт	 vlad.molcanov@fomicev.ru	+7 (922) 495-46-18	\agents\agent_24.png	191420, Новосибирская область, город Ногинск, пер. Будапештсткая, 28	475	Алиса Фёдоровна Архипова	6771467761	977595370
2	ТрансТверь	dorofeev.milan@vorobeva.net	+7 (352) 2 22-74-12	\agents\agent_25.png	818676, Томская область, город Павловский Посад, ул. Ладыгина, 27	495	Алина Романовна Овчинникова	3311036393	590018934
2	ТелеСеверМикро	koseleva.ylii@potapov.ru	 +7 (352) 2 66-26-65	\agents\agent_12.png	046300, Орловская область, город Ступино, бульвар Бухарестская, 13	254	Селезнёв Василий Евгеньевич	9534974527	344691556
1	CибПивОмскСнаб	evorontova@potapova.ru	 +7 (812) 743-49-87		816260, Ивановская область, город Москва, ул. Гагарина, 31	477	Людмила Александровна Сафонова	5676173945	256512286
3	ЛенБухМикро-H	 rybov.tatyna@merkuseva.com	+7 (812) 421-59-75	\agents\agent_30.png	078797, Мурманская область, город Коломна, пр. Гоголя, 94	242	Субботин Герасим Владимирович	5943902570	103426359
2	ЮпитерЛенГараж-М	larkipova@gorbunov.ru	+7 (812) 229-34-18	\agents\agent_73.png	339507, Московская область, город Видное, ул. Космонавтов, 11	470	Васильева Валерия Борисовна	2038393690	259672761
4	МорВостокТомскПром	lev.efremov@frolov.ru	 +7 (922) 258-96-16	\agents\agent_20.png	034623, Белгородская область, город Павловский Посад, проезд Ломоносова, 72	198	Гавриил Евгеньевич Селиверстов	4082127026	544686044
5	Компания ФинансСервис	 robert.serbakov@safonova.ru	 +7 (800) 358-54-99	\agents\agent_63.png	841700, Брянская область, город Серпухов, спуск Домодедовская, 35	395	Клавдия Сергеевна Виноградова	7491491391	673621812
5	Метиз	 mersova@rodionova.ru	 +7 (352) 2 81-78-92	\agents\agent_54.png	455463, Ярославская область, город Серпухов, пер. Бухарестская, 01	168	Ян Иванович Егоров	4433116074	949226221
2	ФлотБух	tkuznetova@sukanova.ru	+7 (922) 155-75-21	\agents\agent_21.png	741647, Ульяновская область, город Наро-Фоминск, ул. 1905 года, 11	385	Муравьёваа Мария Дмитриевна	4868711532	409331823
4	КазХоз	istrelkova@fomin.ru	+7 (800) 955-44-52		384162, Астраханская область, город Одинцово, бульвар Гагарина, 57	213	Степанова Роман Иванович	6503377671	232279972
6	Орион	aleksei63@kiselev.ru	+7 (352) 2 58-77-96	\agents\agent_102.png	951035, Ивановская область, город Ступино, шоссе Космонавтов, 73	166	Мартынов Михаил Борисович	2670166502	716874456
4	РечИнж	qloginova@antonov.com	+7 (812) 971-47-98	\agents\agent_8.png	862241, Кемеровская область, город Москва, пер. Славы, 63	426	Донат Иванович Кудрявцев	9289300952	534867576
4	РосПивТверь	vitalii.melnikov@kopylov.com	 +7 (922) 692-73-72	\agents\agent_11.png	053965, Магаданская область, город Видное, наб. Балканская, 41	368	Люся Фёдоровна Горшковаа	2857470864	732899890
3	КрепТелекомТекстильМашина	ignatov.adam@kononova.org	+7 (922) 278-54-95	\agents\agent_39.png	754514, Тверская область, город Люберцы, пл. Домодедовская, 84	259	Богданов Денис Максимович	7626613684	187506967
4	МорГлавМонтажЭкспедиция	flukin@moiseeva.com	 +7 (812) 161-96-49	\agents\agent_34.png	313619, Читинская область, город Чехов, ул. Ленина, 38	329	Анастасия Львовна Субботинаа	8619846965	796144573
6	ТекстильУралВод	 obespalov@alekseev.org	+7 (495) 614-67-93	\agents\agent_9.png	872673, Ярославская область, город Видное, спуск Славы, 04	28	Эльвира Фёдоровна Герасимова	8336124514	871193263
3	Газ	ulyna.antonov@noskov.ru	+7 (800) 278-78-32	\agents\agent_101.png	252821, Тамбовская область, город Пушкино, ул. Чехова, 40	170	Терентьев Илларион Максимович	8876413796	955381891
5	ТомскТранс	antonina.krasilnikov@nikonov.ru	+7 (352) 2 66-22-46	\agents\agent_47.png	271624, Свердловская область, город Озёры, ул. Косиора, 21	427	Архипова Юрий Дмитриевич	6523850838	970092830
5	Компания ТехТеле	anfisa63@sobolev.ru	+7 (800) 943-36-45	\agents\agent_42.png	285256, Магаданская область, город Дмитров, шоссе Ладыгина, 20	465	Тихонова Валериан Владимирович	1553744119	713327632
4	СофтИнжIT	yliy.efimov@zdanova.ru	 +7 (800) 319-27-45	\agents\agent_50.png	146295, Тверская область, город Одинцово, въезд Бухарестская, 78	460	Виктор Львович Михайлова	2368693812	791368408
5	Компания Монтаж	afanasev.anastasiy@muravev.ru	+7 (495) 626-86-13	\agents\agent_100.png	036381, Брянская область, город Кашира, бульвар Гагарина, 76	124	Силин Даниил Иванович	6206428565	118570048
4	СтройГорНефть	 lysy.kolesnikova@molcanova.com	+7 (495) 852-82-84	\agents\agent_62.png	444539, Ульяновская область, город Лотошино, спуск Будапештсткая, 95	161	Тарасова Макар Максимович	5916775587	398299418
4	ЦементХмельОрионНаладка	 daniil.selezneva@safonova.com	+7 (922) 419-14-19	\agents\agent_49.png	014379, Кировская область, город Озёры, пр. Будапештсткая, 28	61	Максим Евгеньевич Гурьева	2118874929	482607758
5	Компания ОрионСтройЛифт	artemii.abramova@arkipov.ru	+7 (800) 381-59-97		819305, Воронежская область, город Талдом, шоссе Ломоносова, 36	467	Щукина Искра Максимовна	8834229587	958311664
3	Тяж	rodionova.ulyna@noskov.ru	+7 (922) 547-77-52	\agents\agent_35.png	650482, Смоленская область, город Коломна, проезд Косиора, 95	207	Белов Влад Александрович	5484904441	943388774
1	ЦементАсбоцемент	polykov.veronika@artemeva.ru	 +7 (922) 133-68-96	\agents\agent_76.png	619540, Курская область, город Раменское, пл. Балканская, 12	426	Воронова Мария Александровна	4345774724	352469905
2	ГазДизайнЖелДор	 elizaveta.komarov@rybakov.net	 +7 (352) 2 39-88-91	\agents\agent_74.png	695230, Курская область, город Красногорск, пр. Гоголя, 64	236	Лев Иванович Третьяков	2396029740	458924890
4	РемСантехОмскБанк	 anisimov.mark@vorobev.ru	 +7 (352) 2 76-15-56	\agents\agent_82.png	289468, Омская область, город Видное, пер. Балканская, 33	442	Фокина Искра Максимовна	6823050572	176488617
3	Мясо	 ulyna.antonov@noskov.ru	 +7 (922) 315-51-42	\agents\agent_107.png	252821, Тамбовская область, город Пушкино, ул. Чехова, 40	170	Терентьев Илларион Максимович	1876413796	955381891
6	КрепГаражСантехМаш	vladlen84@ersova.net	+7 (495) 172-31-91	\agents\agent_10.png	207204, Пензенская область, город Одинцово, пер. Гагарина, 80	330	Аркадий Романович Тихонов	7574946061	146206755
3	ИнжITЖелДор-H	karitonov.aleksandra@samoilov.com	+7 (495) 324-18-82	\agents\agent_14.png	019291, Вологодская область, город Клин, ул. Космонавтов, 96	129	Колесникова Август Владимирович	8103088511	604606043
1	Рем	zanna25@nikiforova.com	+7 (352) 2 46-69-69	\agents\agent_104.png	707812, Иркутская область, город Шаховская, ул. Гагарина, 17	329	Шароваа Елизавета Львовна	3203830728	456254820
6	ФинансТелеТверь	medvedev.klim@afanasev.com	 +7 (495) 839-58-56	\agents\agent_70.png	687171, Томская область, город Лотошино, пл. Славы, 59	100	Зайцеваа Дарья Сергеевна	2646091050	971874277
3	Строй	 soloveva.adam@andreev.ru	+7 (922) 129-57-13	\agents\agent_57.png	763019, Омская область, город Шатура, пл. Сталина, 56	12	Кудрявцев Адриан Андреевич	6678884759	279288618
1	ЭлектроITITСбыт	 eliseeva.sofy@gorskov.net	+7 (812) 326-15-27	\agents\agent_23.png	855489, Вологодская область, город Серебряные Пруды, пл. Ломоносова, 57	452	Якушеваа Варвара Романовна	1532104861	112607081
2	ЛенХозМясБанк	 bobrov.viktor@kazakova.ru	+7 (352) 2 26-15-93	\agents\agent_31.png	702413, Саратовская область, город Люберцы, въезд Чехова, 15	17	Арсений Алексеевич Виноградова	9266199692	335770867
4	ЭлектроМоторТрансСнос	inessa.voronov@sidorova.ru	+7 (495) 951-23-53	\agents\agent_98.png	913777, Самарская область, город Красногорск, ул. Бухарестская, 49	151	Людмила Евгеньевна Новиковаа	6608362851	799760512
5	Компания СервисРадиоГор	nika.nekrasova@kovalev.ru	+7 (812) 871-21-15	\agents\agent_65.png	547196, Ульяновская область, город Серебряные Пруды, въезд Балканская, 81	169	Попов Вадим Александрович	8880473721	729975116
5	Компания МясДизайнДизайн	gleb.gulyev@belyeva.com	+7 (495) 752-21-98	\agents\agent_78.png	557264, Брянская область, город Серпухов, въезд Гоголя, 34	491	Клементина Сергеевна Стрелкова	8004989990	908629456
2	БашкирФлотМотор-H	morozova.nika@kazakova.ru	+7 (812) 737-79-77	\agents\agent_61.png	008081, Тюменская область, город Ногинск, въезд Гагарина, 94	416	Марат Алексеевич Фролов	1657476072	934931159
4	СофтМонтажХозСбыт	zinaida90@filippov.org	 +7 (495) 396-23-64	\agents\agent_44.png	860932, Калужская область, город Наро-Фоминск, ул. Балканская, 78	403	Харитонов Антонин Владимирович	5408216010	737659265
